,mean,std,min,max
mean_daily_return,5.577102667255197e-06,,5.577102667255197e-06,5.577102667255197e-06
volatility,0.00029554750765226073,,0.00029554750765226073,0.00029554750765226073
sharpe,0.018870410079103693,,0.018870410079103693,0.018870410079103693
max_drawdown,0.0052722171753004895,,0.0052722171753004895,0.0052722171753004895
win_rate,0.22709163346613545,,0.22709163346613545,0.22709163346613545
final_return,0.0013998527694810527,,0.0013998527694810527,0.0013998527694810527
