,mean,std,min,max
mean_daily_return,5.577129204160022e-06,,5.577129204160022e-06,5.577129204160022e-06
volatility,0.0002955475096324202,,0.0002955475096324202,0.0002955475096324202
sharpe,0.018870499741636924,,0.018870499741636924,0.018870499741636924
max_drawdown,0.005272213686471043,,0.005272213686471043,0.005272213686471043
win_rate,0.22709163346613545,,0.22709163346613545,0.22709163346613545
final_return,0.0013998594302441656,,0.0013998594302441656,0.0013998594302441656
